Name,Location,Description,Source Number
"Ai Nara Cafe","Ai Nara Cafe, Chiang Mai, Thailand","A coffee stop for a slower start or finish.",3
"WTF Coffee Camp","WTF Coffee Camp, Chiang Mai, Thailand","A scenic coffee-camp stop in the Mae Rim mountains.",4
"Per-La-Mer Cafe","Per-La-Mer Cafe, Chiang Mai, Thailand","A restaurant and cafe break near the northern section.",9
"Fleur Cafe & Eatery","Fleur Cafe & Eatery, Chiang Mai, Thailand","A garden cafe and restaurant option near Mae Rim.",10
"Zombie Café","Zombie Café, Chiang Mai, Thailand","A themed cafe beside the Mae Rim section.",13
"Jungle De Cafe","Jungle De Cafe, Chiang Mai, Thailand","A cafe break surrounded by the northern mountain landscape.",15
"Pong Yeang Berry-Windyhill","Pong Yeang Berry-Windyhill, Chiang Mai, Thailand","A cafe and berry stop in Pong Yaeng.",16
"Rim Nara Café","Rim Nara Café, Chiang Mai, Thailand","A cafe stop near the Mae Rim side of the loop.",20
"River Rock Cafe Hill","River Rock Cafe Hill, Samoeng, Chiang Mai, Thailand","A mountain restaurant option for a longer break.",33
"Valley Coffee By Lanna Resort","Valley Coffee By Lanna Resort, Chiang Mai, Thailand","A coffee stop on the southern return from Samoeng.",34
"Di BOSCO Coffee Specialist","Di BOSCO Coffee Specialist, Chiang Mai, Thailand","A specialty coffee and restaurant stop in Mae Rim.",37
